id,crop_type,region,area,yield,temperature,rainfall,humidity,soil_ph,soil_nitrogen,soil_phosphorus,soil_potassium,cost,revenue,profit,harvest_date,quality_grade
1,Tournesol,Champagne,22.27,2.07,13.3,67.8,68.8,7.76,56.5,21.2,201.7,29506.79,13663.52,-15843.27,2025-04-24,B
2,Tournesol,Bretagne,69.63,2.19,14.5,19.1,67.7,5.89,47.1,24.7,225.4,87071.28,27947.73,-59123.55,2025-03-15,C
3,Maïs,Bretagne,91.39,11.05,16.4,461.1,61.5,5.68,42.6,20.7,179.8,101594.2,323500.4,221906.19,2025-02-26,B
4,Orge,Bretagne,83.73,5.58,12.7,596.9,73.9,6.64,43.3,22.6,120.9,96855.03,119468.75,22613.72,2025-05-02,A
5,Orge,Normandie,93.0,5.28,19.7,200.9,61.7,7.01,31.4,28.8,232.1,153451.25,148010.63,-5440.62,2025-05-10,A
6,Tournesol,Picardie,77.27,2.2,21.4,157.3,74.8,7.58,43.9,33.0,194.5,105192.12,65967.81,-39224.31,2024-06-18,A
7,Tournesol,Bretagne,76.78,2.51,20.5,151.0,61.4,7.22,45.3,20.7,120.2,132801.62,76643.38,-56158.23,2025-01-29,B
8,Soja,Champagne,66.53,3.09,17.0,215.5,60.9,7.1,40.1,18.1,169.7,53259.07,56495.85,3236.78,2024-09-26,A
9,Colza,Beauce,71.79,2.96,11.5,51.1,60.0,6.86,42.5,26.7,99.1,126520.45,52611.0,-73909.45,2025-02-19,A
10,Colza,Normandie,55.44,4.0,19.6,124.1,64.2,6.78,43.8,23.1,237.3,69175.58,73029.98,3854.4,2024-10-08,B
11,Riz,Beauce,19.32,12.26,24.4,254.2,57.6,6.46,48.3,29.1,201.7,32036.45,63479.99,31443.54,2024-07-01,B
12,Riz,Champagne,15.78,8.06,20.5,414.4,71.4,5.77,54.3,23.7,164.5,27215.64,53011.7,25796.06,2025-03-05,A
13,Colza,Bretagne,71.53,3.78,20.1,120.9,69.5,7.3,47.3,20.2,146.1,86163.28,113621.4,27458.12,2025-02-16,A
14,Colza,Champagne,72.66,3.65,20.6,915.3,68.5,5.93,73.0,28.8,132.3,75363.43,71113.15,-4250.28,2025-01-28,B
15,Colza,Normandie,91.08,1.4,23.8,404.6,101.7,6.93,22.5,24.9,196.5,131619.13,45932.5,-85686.63,2024-07-30,B
16,Soja,Beauce,57.51,3.43,14.9,585.4,43.6,6.31,49.9,29.1,174.9,78924.21,87755.01,8830.8,2025-02-16,A
17,Orge,Normandie,63.43,8.04,14.4,325.5,58.8,6.64,50.8,17.9,186.1,97724.31,187667.84,89943.53,2024-08-17,B
18,Tournesol,Bourgogne,89.23,2.1,20.3,140.7,46.4,6.09,34.0,26.6,157.8,73847.11,63054.12,-10792.99,2024-08-28,B
19,Coton,Beauce,54.61,1.66,33.9,135.1,42.6,6.17,46.2,17.9,166.6,77708.47,18368.98,-59339.49,2024-06-12,A
20,Coton,Beauce,7.41,1.81,24.1,405.8,40.7,6.65,35.1,31.8,148.3,13058.26,5439.21,-7619.06,2025-02-03,A
21,Blé,Bretagne,46.39,6.4,18.1,80.8,62.5,6.65,53.7,42.1,189.1,42685.45,80788.04,38102.59,2024-11-04,A
22,Blé,Picardie,46.22,6.27,21.4,773.7,62.2,8.0,44.7,17.5,128.2,55389.98,100392.76,45002.77,2024-07-22,C
23,Soja,Bretagne,7.52,3.34,20.4,776.5,93.2,5.71,51.9,26.6,156.0,10341.61,7144.58,-3197.02,2025-05-10,B
24,Riz,Beauce,7.21,6.95,20.8,1135.3,70.3,6.41,37.7,26.7,215.4,11641.66,12825.55,1183.89,2024-11-28,B
25,Maïs,Bourgogne,17.13,4.19,22.7,317.6,64.1,7.84,16.9,37.9,201.1,28558.58,23796.55,-4762.03,2024-09-17,B
26,Orge,Normandie,10.08,0.89,10.8,108.8,72.6,4.7,8.2,24.4,156.4,17728.04,3671.74,-14056.3,2024-09-20,B
27,Coton,Champagne,80.2,0.85,31.5,238.0,77.8,5.7,26.8,34.3,211.7,108232.23,20336.24,-87895.99,2024-11-09,B
28,Riz,Bretagne,42.68,8.55,19.9,1385.0,75.7,6.9,45.8,25.5,122.4,72213.38,80160.93,7947.56,2025-05-14,A
29,Riz,Bourgogne,45.3,5.91,26.9,1176.9,59.3,5.93,41.8,27.5,239.0,57471.71,52259.2,-5212.51,2024-07-30,C
30,Tournesol,Normandie,81.2,2.33,20.0,457.1,58.5,5.36,32.3,24.6,77.4,144366.21,62469.72,-81896.49,2024-08-13,C
31,Coton,Bourgogne,60.51,1.96,22.8,296.2,65.7,7.66,59.4,42.2,149.3,85932.02,30270.69,-55661.34,2024-06-29,B
32,Colza,Bretagne,30.74,1.84,25.9,104.2,55.4,5.43,40.1,11.7,249.1,28687.02,11317.41,-17369.61,2025-03-22,B
33,Orge,Normandie,97.14,6.05,24.2,804.2,63.4,7.44,38.0,11.3,234.2,123243.22,171565.76,48322.54,2024-08-05,C
34,Blé,Bourgogne,95.63,6.06,21.7,3269.0,65.1,6.54,38.2,30.0,137.3,134479.3,140188.62,5709.32,2024-08-28,A
35,Tournesol,Bretagne,50.6,2.36,-0.9,712.0,61.8,7.25,36.5,28.3,233.7,72837.97,47485.88,-25352.09,2025-03-01,A
36,Soja,Bretagne,79.45,2.05,17.7,172.7,44.2,7.66,58.3,23.9,188.0,95061.78,56697.77,-38364.0,2025-04-22,B
37,Orge,Champagne,37.45,4.11,27.3,586.0,63.3,5.28,63.1,28.0,125.1,51857.42,44366.09,-7491.33,2025-06-04,A
38,Soja,Normandie,13.43,2.15,32.2,908.4,89.7,6.24,38.3,21.2,147.4,12361.14,8776.92,-3584.22,2024-07-01,C
39,Blé,Picardie,40.84,5.23,12.7,38.7,51.1,8.07,42.0,15.2,181.7,72954.61,69437.44,-3517.17,2025-04-17,B
40,Maïs,Champagne,15.18,13.24,15.3,184.1,84.7,6.3,53.6,27.5,303.2,18937.39,65107.06,46169.67,2025-05-28,A
41,Tournesol,Bourgogne,50.03,2.41,21.6,734.8,49.5,6.56,31.9,19.4,132.3,64013.84,40764.33,-23249.5,2025-05-09,B
42,Colza,Normandie,36.38,2.37,12.2,332.5,46.7,5.59,48.4,31.7,179.6,63077.09,15694.54,-47382.56,2024-09-08,A
43,Tournesol,Champagne,73.25,2.23,24.8,2.1,66.7,6.49,51.8,31.5,202.7,120031.81,38482.53,-81549.28,2025-02-14,B
44,Soja,Normandie,35.46,2.85,35.7,533.1,87.2,6.71,41.8,26.1,210.6,49428.5,28235.65,-21192.85,2025-06-02,B
45,Maïs,Champagne,15.14,7.48,23.8,36.8,52.8,6.44,29.6,35.3,198.6,18292.65,48882.13,30589.48,2025-01-26,A
46,Riz,Beauce,27.39,10.16,23.9,1043.9,72.0,6.9,56.4,30.1,162.3,39271.67,118283.56,79011.89,2025-03-15,C
47,Blé,Bretagne,27.06,5.46,18.5,189.2,80.6,5.0,39.7,25.1,247.1,36356.82,62759.74,26402.92,2025-05-04,A
48,Coton,Beauce,79.92,2.55,24.9,395.2,54.5,6.18,52.6,35.0,218.6,76054.75,53855.03,-22199.72,2024-08-27,A
49,Coton,Bretagne,73.61,1.8,22.9,167.5,69.0,7.53,38.3,21.6,157.9,109975.51,43307.89,-66667.62,2024-08-17,B
50,Soja,Beauce,18.22,1.1,28.1,1278.4,50.9,5.96,19.8,20.2,210.5,16408.91,4995.56,-11413.35,2025-02-28,C
51,Soja,Champagne,45.29,2.66,30.7,1023.0,72.1,5.87,52.1,40.1,233.8,78155.16,36302.05,-41853.11,2024-08-14,A
52,Maïs,Picardie,75.7,8.36,20.6,82.5,59.3,7.26,29.2,19.2,116.7,76126.13,248464.08,172337.95,2025-01-09,B
53,Tournesol,Champagne,47.98,1.75,24.9,170.1,65.9,7.52,32.7,13.0,169.6,62297.96,24573.68,-37724.29,2024-07-03,B
54,Orge,Beauce,24.94,7.15,18.4,400.2,61.8,5.61,83.6,25.5,180.6,42351.23,42004.57,-346.65,2024-08-31,B
55,Orge,Picardie,52.22,6.95,21.8,139.3,79.0,6.69,72.3,12.7,291.8,59232.04,72733.49,13501.45,2025-02-01,B
56,Maïs,Beauce,26.09,12.66,21.4,413.1,60.7,6.44,52.3,18.8,176.4,26898.01,119330.34,92432.33,2024-07-19,A
57,Tournesol,Bourgogne,83.87,3.09,23.0,108.8,52.4,6.31,39.4,30.7,197.8,84288.92,67236.55,-17052.38,2025-06-05,B
58,Blé,Bourgogne,29.65,6.73,14.0,10.8,68.9,5.5,58.9,23.5,159.1,34972.25,67727.28,32755.03,2025-05-23,B
59,Coton,Picardie,22.3,1.64,25.7,99.1,60.7,6.63,30.4,24.8,193.3,34379.89,13451.58,-20928.31,2024-09-04,A
60,Coton,Picardie,31.04,1.26,3.3,720.6,65.2,6.78,36.9,18.8,187.8,42027.25,13967.73,-28059.52,2025-03-28,A
61,Maïs,Picardie,41.4,10.05,21.5,367.0,76.8,5.7,52.7,23.7,212.3,40002.35,157776.66,117774.3,2024-08-09,A
62,Riz,Bretagne,42.68,9.69,20.2,28.3,62.3,7.47,48.5,28.5,201.6,74867.4,89553.2,14685.81,2024-08-04,A
63,Soja,Champagne,44.22,3.85,21.7,749.4,61.6,6.12,79.5,14.9,126.8,55697.31,34167.85,-21529.45,2024-10-26,A
64,Riz,Picardie,96.03,7.16,29.6,2.1,61.3,5.97,55.0,33.1,145.3,149646.54,242261.1,92614.56,2025-03-23,B
65,Coton,Picardie,34.72,1.98,28.1,21.2,77.3,6.25,46.7,15.0,284.2,34464.24,14497.4,-19966.84,2024-08-01,C
66,Maïs,Picardie,50.7,6.97,16.5,22.6,81.3,4.33,65.2,35.4,216.1,85430.9,114164.71,28733.81,2024-12-11,B
67,Tournesol,Normandie,48.88,2.35,32.3,535.5,70.8,4.38,55.9,23.3,219.8,84696.91,22833.61,-61863.3,2024-08-14,B
68,Coton,Normandie,27.68,1.42,12.9,205.6,92.6,6.21,38.3,36.6,243.2,25205.41,10826.42,-14378.99,2025-01-05,C
69,Maïs,Picardie,98.32,7.49,10.5,964.7,72.6,5.74,40.9,29.5,118.7,167512.52,329097.17,161584.65,2024-11-25,C
70,Riz,Champagne,25.55,7.69,25.6,727.6,72.4,6.1,38.8,24.2,200.6,33682.58,67072.66,33390.08,2024-10-14,A
71,Maïs,Beauce,61.33,9.91,24.8,66.8,77.6,6.06,54.5,26.6,119.4,102877.49,152998.86,50121.37,2025-05-14,C
72,Blé,Bretagne,29.68,4.24,21.0,792.6,71.5,7.37,32.2,25.8,110.1,45209.94,39477.86,-5732.08,2025-05-06,A
73,Orge,Champagne,30.37,7.19,-0.9,359.0,54.6,6.11,60.7,30.5,253.9,44289.81,89392.77,45102.97,2025-04-14,A
74,Orge,Beauce,5.11,7.18,21.8,109.1,53.9,6.98,60.6,24.2,189.2,6925.22,14081.9,7156.68,2025-05-31,A
75,Colza,Bourgogne,15.16,2.25,21.1,399.7,65.6,7.1,24.7,37.0,188.5,26732.53,9274.99,-17457.54,2025-04-13,A
76,Orge,Bourgogne,12.1,6.89,29.5,622.0,71.2,6.0,56.3,32.8,152.2,19987.56,37296.75,17309.2,2024-12-19,C
77,Soja,Beauce,30.99,2.27,22.2,10.0,58.7,7.75,44.0,20.6,255.2,49430.38,25890.3,-23540.08,2024-08-28,A
78,Coton,Champagne,31.05,2.5,18.9,425.1,62.3,5.58,43.3,30.1,130.9,55393.3,22529.65,-32863.65,2025-05-28,B
79,Riz,Normandie,78.78,8.14,12.5,799.1,82.3,6.9,44.6,27.2,170.8,122972.32,223886.03,100913.71,2024-12-13,C
80,Maïs,Beauce,66.89,9.28,22.7,82.1,84.7,7.7,50.5,12.4,157.0,75318.05,210766.97,135448.92,2025-04-01,B
81,Orge,Normandie,8.76,4.16,17.3,366.5,35.9,7.32,28.6,28.0,199.2,9132.26,16259.42,7127.16,2025-01-03,A
82,Coton,Picardie,97.86,1.66,19.7,94.5,79.2,5.97,60.3,25.7,124.6,97943.38,59799.98,-38143.39,2025-01-20,A
83,Tournesol,Champagne,72.84,2.26,21.7,490.3,55.4,6.55,35.3,30.6,195.7,117621.05,33132.09,-84488.96,2025-03-20,B
84,Coton,Bretagne,66.78,2.3,26.5,612.7,58.0,6.48,41.7,15.3,206.0,85427.62,53105.79,-32321.83,2025-01-16,C
85,Soja,Bourgogne,99.65,3.08,23.1,430.0,58.1,8.87,43.6,17.5,210.1,99606.13,111742.25,12136.13,2025-03-11,B
86,Tournesol,Normandie,56.61,3.74,20.7,734.2,78.6,6.28,65.8,31.1,181.1,74389.97,71745.8,-2644.18,2024-10-05,B
87,Colza,Champagne,73.0,3.29,10.2,358.9,58.1,7.68,65.7,20.0,195.8,94340.64,59340.69,-34999.95,2024-07-31,B
88,Coton,Normandie,42.68,1.81,18.3,434.6,68.2,5.93,31.9,12.0,248.7,44263.13,18834.01,-25429.12,2025-06-02,A
89,Coton,Bretagne,62.53,0.99,31.7,63.0,57.9,8.25,26.1,14.6,119.5,98903.22,22982.62,-75920.6,2024-08-04,B
90,Tournesol,Picardie,93.72,2.07,7.1,92.2,61.1,6.06,45.7,19.5,174.8,104604.06,61442.84,-43161.22,2024-11-18,B
91,Soja,Bourgogne,55.56,2.3,31.8,7.0,62.4,5.26,52.6,8.0,191.7,54915.91,48240.86,-6675.05,2025-01-06,B
92,Orge,Picardie,15.75,7.9,23.0,117.9,63.8,6.48,55.0,20.9,194.9,25122.0,53260.85,28138.85,2025-06-11,A
93,Colza,Picardie,75.15,2.66,29.8,45.1,51.2,7.3,41.2,27.7,237.4,84699.56,71955.19,-12744.36,2025-03-22,C
94,Tournesol,Beauce,58.53,1.45,25.8,812.7,47.4,5.78,24.9,34.3,233.5,69086.07,27884.44,-41201.63,2024-08-11,B
95,Riz,Champagne,95.39,8.48,20.3,73.8,62.2,7.52,55.5,50.1,181.3,99785.07,249597.48,149812.41,2025-04-30,B
96,Coton,Picardie,51.16,1.99,12.9,506.5,74.1,6.72,46.6,24.5,149.8,54062.38,26160.23,-27902.15,2025-05-16,C
97,Soja,Beauce,16.71,3.69,15.0,505.8,67.0,6.75,44.0,25.7,232.6,16448.63,16029.28,-419.35,2024-10-14,B
98,Maïs,Champagne,66.43,10.61,22.4,221.0,70.7,4.68,48.7,43.0,233.0,64751.82,195533.22,130781.4,2024-12-24,C
99,Colza,Normandie,64.27,5.04,24.5,128.5,56.6,6.26,63.7,19.6,191.2,62211.02,122751.81,60540.8,2024-10-29,B
100,Orge,Normandie,10.55,4.38,12.6,78.6,52.2,5.91,53.4,15.5,209.4,9938.72,11744.13,1805.4,2024-09-22,B
101,Riz,Bretagne,12.54,6.31,30.1,471.6,58.4,6.74,37.0,12.0,202.5,12879.24,21846.77,8967.53,2024-11-28,B
102,Soja,Bretagne,48.4,3.62,13.9,443.0,67.4,6.02,54.5,12.5,136.2,47933.28,34041.41,-13891.87,2024-12-22,B
103,Blé,Beauce,24.09,6.45,18.4,24.8,85.7,6.95,46.1,29.3,143.2,30119.81,59677.63,29557.82,2025-01-18,B
104,Colza,Champagne,13.83,3.13,20.5,257.7,54.0,6.27,58.0,31.1,210.9,14617.13,16971.4,2354.27,2024-08-28,A
105,Colza,Champagne,94.01,1.59,24.2,14.7,76.5,5.64,31.7,19.4,170.4,112529.42,44938.2,-67591.22,2024-11-28,C
106,Coton,Beauce,64.66,1.38,23.0,617.2,85.3,8.01,45.4,5.3,215.5,95321.49,28793.87,-66527.62,2025-01-29,A
107,Tournesol,Champagne,93.61,2.07,16.7,9.3,76.8,6.15,36.8,25.7,201.9,104255.4,66593.1,-37662.3,2024-07-26,B
108,Coton,Picardie,46.09,1.6,35.8,76.9,34.7,6.55,39.4,17.1,200.3,51240.6,23294.84,-27945.76,2025-01-17,A
109,Tournesol,Picardie,76.65,1.75,10.1,195.4,80.1,5.44,49.2,24.4,120.8,94310.37,30403.8,-63906.57,2025-01-14,A
110,Coton,Picardie,34.09,2.24,25.3,42.6,60.3,6.64,47.4,25.0,197.5,48546.44,24659.5,-23886.93,2024-10-24,B
111,Orge,Champagne,96.56,5.03,30.3,174.9,52.3,4.94,85.5,21.8,133.5,117669.94,190921.06,73251.11,2025-01-14,B
112,Maïs,Bourgogne,14.32,10.79,17.7,96.9,64.8,6.96,46.8,17.2,227.9,18444.84,34073.7,15628.87,2025-04-21,A
113,Maïs,Beauce,46.57,10.62,11.8,246.1,45.6,6.73,48.1,34.1,135.2,39047.44,209433.98,170386.53,2024-09-08,C
114,Tournesol,Bretagne,9.54,2.82,17.1,195.3,46.9,6.28,43.1,32.8,178.8,7998.02,10280.48,2282.46,2025-02-23,C
115,Riz,Normandie,14.35,9.52,11.9,172.1,53.3,7.04,62.4,21.4,162.6,15280.85,25345.64,10064.79,2024-11-04,C
116,Colza,Normandie,50.06,3.14,24.3,1491.7,54.7,5.8,59.4,24.6,148.8,45754.43,48946.59,3192.16,2025-01-03,B
117,Colza,Champagne,31.01,1.06,21.4,39.9,54.1,7.19,13.1,16.1,165.2,40190.67,6033.8,-34156.87,2025-02-10,C
118,Tournesol,Normandie,30.59,2.66,23.1,119.6,90.5,7.05,50.6,37.8,225.0,40972.3,30651.83,-10320.47,2024-09-27,A
119,Tournesol,Champagne,53.29,3.28,16.8,282.0,72.0,6.9,55.9,43.4,223.0,79349.03,72694.9,-6654.12,2024-09-04,B
120,Tournesol,Bretagne,67.47,2.29,9.4,326.6,72.2,7.12,39.7,29.9,189.8,74952.41,58790.29,-16162.12,2024-08-14,B
121,Riz,Bretagne,88.28,5.89,27.2,323.2,57.7,5.34,28.4,21.4,147.2,148860.44,176714.39,27853.96,2024-08-23,B
122,Coton,Bourgogne,73.72,1.28,17.6,11.8,60.3,6.17,23.3,11.7,181.2,66656.13,22734.01,-43922.12,2024-10-01,B
123,Coton,Bretagne,98.29,2.16,18.2,155.5,65.8,5.71,50.8,33.5,213.9,129768.09,59662.03,-70106.06,2024-06-27,B
124,Tournesol,Normandie,79.64,2.22,17.0,37.1,70.8,5.41,47.8,29.6,254.5,73133.45,51488.08,-21645.37,2025-03-26,B
125,Tournesol,Normandie,93.31,2.84,22.1,72.3,65.6,7.07,70.1,38.4,209.4,109822.11,80665.72,-29156.38,2025-04-24,B
126,Colza,Bourgogne,6.27,4.01,23.2,489.7,59.2,6.61,40.9,17.0,177.9,6792.33,4835.55,-1956.79,2024-07-05,A
127,Riz,Champagne,37.86,6.49,13.6,745.2,41.8,5.93,37.7,33.4,261.3,33562.2,59908.94,26346.74,2025-01-03,B
128,Soja,Bourgogne,49.07,2.75,15.6,21.5,46.2,6.08,56.9,15.0,191.7,86958.66,46510.85,-40447.81,2025-01-02,A
129,Soja,Bretagne,63.23,0.93,21.6,315.1,57.9,7.31,10.7,26.9,237.2,77680.8,12822.67,-64858.13,2025-05-21,C
130,Maïs,Bretagne,48.63,7.2,17.4,248.2,86.2,5.67,34.3,25.6,235.9,41428.76,137351.29,95922.53,2025-05-11,A
131,Soja,Bretagne,98.57,2.5,27.0,293.1,55.8,6.76,41.2,22.7,117.5,168484.7,80177.89,-88306.81,2024-10-28,A
132,Soja,Normandie,76.96,2.09,15.6,202.6,63.5,5.8,37.1,20.9,169.7,82843.79,42577.19,-40266.6,2025-04-26,A
133,Coton,Bretagne,98.43,1.92,22.9,630.5,54.8,7.17,38.6,22.9,199.3,96881.72,79800.58,-17081.14,2024-12-18,A
134,Soja,Picardie,88.78,3.28,17.6,382.1,65.3,7.63,43.8,28.6,137.5,108980.39,65213.66,-43766.72,2024-09-02,B
135,Riz,Normandie,34.84,5.78,16.9,1451.6,49.9,5.49,29.9,27.2,209.3,58517.9,64789.15,6271.25,2024-09-08,A
136,Maïs,Picardie,59.84,11.36,16.6,507.9,75.3,6.36,33.2,29.9,134.3,92036.09,270383.32,178347.22,2024-06-27,C
137,Riz,Normandie,26.58,8.78,22.2,157.3,55.5,6.13,48.0,27.3,169.6,38354.77,85733.84,47379.07,2024-08-13,B
138,Tournesol,Bourgogne,91.18,2.99,24.7,13.5,77.3,5.45,55.9,30.3,131.5,134106.56,90454.83,-43651.73,2025-03-13,B
139,Coton,Picardie,45.04,1.73,16.6,55.2,49.1,7.55,39.3,22.0,179.3,79840.85,31420.99,-48419.86,2024-09-10,C
140,Soja,Bourgogne,14.17,3.39,15.8,1316.7,53.8,7.37,37.0,31.5,194.7,14764.44,8820.66,-5943.78,2024-08-08,B
141,Riz,Bourgogne,22.61,8.84,13.7,543.8,52.2,6.84,58.5,32.2,188.6,36047.62,37822.13,1774.51,2025-05-08,A
142,Coton,Bretagne,8.1,2.91,19.0,340.7,50.3,7.13,44.1,12.8,187.3,13517.5,4648.24,-8869.26,2025-04-08,A
143,Tournesol,Champagne,65.76,1.85,19.5,59.2,75.5,5.71,38.0,36.5,169.1,68010.58,47713.58,-20297.01,2025-04-06,B
144,Maïs,Bretagne,47.79,8.63,22.3,256.1,75.9,6.33,57.1,26.6,172.6,60840.65,143581.28,82740.63,2025-01-21,B
145,Orge,Champagne,32.88,5.43,20.5,2.2,47.5,7.37,36.3,28.8,289.2,29168.89,61840.27,32671.38,2024-07-03,B
146,Riz,Normandie,74.34,7.9,24.0,12.0,61.5,6.59,56.4,24.3,165.2,125053.6,212153.87,87100.28,2025-02-23,B
147,Colza,Normandie,41.46,1.91,17.1,119.2,66.8,6.62,35.8,19.3,193.7,38190.02,23191.25,-14998.77,2025-03-20,C
148,Soja,Bretagne,52.7,3.46,15.7,154.9,58.7,7.7,65.0,35.6,189.3,49482.83,38501.29,-10981.54,2025-05-04,C
149,Soja,Picardie,59.83,2.13,20.4,61.3,56.1,6.47,41.9,24.0,104.7,91496.55,45365.4,-46131.15,2024-09-01,B
150,Riz,Bretagne,47.76,6.7,24.4,206.9,66.0,5.86,48.9,33.4,157.5,65876.13,123149.47,57273.34,2025-05-20,B
151,Colza,Bretagne,9.25,3.44,18.4,199.7,64.1,7.62,91.3,28.6,138.8,10909.58,5787.71,-5121.87,2025-02-06,B
152,Blé,Picardie,17.9,7.02,7.3,751.3,79.7,6.59,67.7,41.3,181.1,16097.47,29722.45,13624.97,2024-06-14,B
153,Maïs,Beauce,98.48,6.18,9.2,921.4,60.7,7.06,40.0,34.4,194.8,112306.75,198397.91,86091.16,2024-12-29,B
154,Orge,Bretagne,53.21,6.76,11.1,73.7,72.9,6.11,60.9,21.3,145.6,78607.95,87617.48,9009.54,2025-01-24,B
155,Riz,Normandie,59.09,6.59,13.6,234.8,67.9,6.34,80.0,27.3,216.0,70621.7,74225.24,3603.54,2025-01-18,B
156,Coton,Beauce,69.67,1.52,23.0,56.8,85.0,7.75,36.1,8.2,152.9,88259.0,20011.61,-68247.39,2025-04-03,A
157,Riz,Bretagne,77.37,8.67,19.9,796.7,69.7,5.08,63.9,17.8,153.8,99988.29,225175.39,125187.09,2024-12-15,C
158,Riz,Bretagne,34.63,5.66,5.5,234.4,83.2,7.86,43.4,36.1,139.1,36571.36,36922.63,351.27,2024-12-05,C
159,Colza,Bretagne,81.42,2.72,31.7,513.1,62.1,5.88,51.1,17.2,124.8,143094.11,40396.15,-102697.97,2025-05-24,A
160,Maïs,Normandie,42.91,10.38,15.9,37.6,79.5,5.35,47.7,26.2,155.2,65365.23,113947.38,48582.15,2024-09-25,B
161,Coton,Beauce,52.56,2.77,15.2,660.6,61.3,6.52,54.1,21.3,171.2,44687.29,29063.33,-15623.96,2025-05-30,B
162,Tournesol,Champagne,85.01,1.7,25.6,796.3,45.9,5.89,38.0,19.4,182.4,114679.42,34511.47,-80167.95,2024-09-16,B
163,Orge,Beauce,11.82,4.56,14.9,878.1,69.0,4.08,47.8,39.4,229.6,17892.95,21666.68,3773.73,2024-07-12,B
164,Tournesol,Champagne,10.16,0.95,24.7,61.7,56.1,7.21,17.5,24.8,193.4,15736.63,2554.06,-13182.57,2024-10-14,B
165,Maïs,Bretagne,39.22,7.13,25.7,25.9,52.6,7.16,32.0,19.7,167.9,43667.98,109858.63,66190.65,2024-08-09,B
166,Blé,Picardie,68.31,6.0,17.1,189.5,64.2,8.09,68.5,14.4,200.9,120632.73,158114.02,37481.3,2024-09-12,B
167,Blé,Picardie,15.54,8.4,18.9,402.4,44.1,4.56,44.5,24.4,224.5,12479.07,53788.28,41309.2,2025-05-30,B
168,Orge,Champagne,62.74,5.42,23.8,759.8,72.5,5.59,60.6,24.4,206.8,68715.33,73796.51,5081.19,2024-09-22,A
169,Riz,Champagne,14.49,8.85,17.9,346.2,88.6,7.3,52.8,26.8,239.2,24788.85,52070.7,27281.85,2024-07-10,A
170,Maïs,Beauce,54.31,9.06,24.7,271.6,74.3,4.57,43.8,25.1,201.5,80242.46,129956.48,49714.01,2025-01-07,A
171,Blé,Champagne,5.13,8.93,18.6,123.5,67.3,6.58,68.2,15.1,121.3,9099.12,18716.37,9617.24,2025-01-03,C
172,Blé,Normandie,49.97,7.24,11.9,137.6,59.3,6.18,49.5,29.5,186.0,42962.68,130733.87,87771.19,2025-06-08,C
173,Blé,Bourgogne,63.87,5.36,32.8,413.8,70.2,7.68,49.9,30.3,145.4,113802.72,110374.11,-3428.62,2025-04-05,B
174,Soja,Beauce,10.91,2.75,14.4,120.4,72.7,6.31,41.1,10.3,193.2,10334.42,5456.13,-4878.29,2024-08-08,A
175,Colza,Picardie,93.22,3.32,9.9,572.7,56.4,6.86,42.8,25.9,196.5,91386.98,93930.35,2543.37,2025-06-09,A
176,Orge,Champagne,15.34,4.9,29.4,911.8,54.9,6.82,45.2,26.5,244.7,22043.49,23669.96,1626.47,2024-12-10,B
177,Maïs,Picardie,23.06,8.9,10.4,229.8,70.5,5.93,47.4,26.3,181.7,35911.93,45917.23,10005.3,2025-06-04,B
178,Soja,Picardie,5.86,3.84,20.1,409.3,53.5,6.88,67.3,27.8,167.5,6778.64,9674.41,2895.78,2024-09-30,B
179,Colza,Bretagne,67.93,2.25,25.3,522.1,59.6,6.38,31.9,24.8,160.5,81370.52,65327.51,-16043.01,2025-02-03,A
180,Orge,Normandie,85.49,8.92,16.1,403.6,64.0,5.96,56.7,13.5,106.4,145525.57,317735.18,172209.62,2025-02-16,A
181,Riz,Beauce,73.32,4.5,15.2,1252.3,74.0,6.85,32.0,22.1,121.5,82583.35,134251.53,51668.18,2025-02-23,B
182,Tournesol,Bretagne,22.68,1.7,30.1,892.3,81.9,6.18,39.6,-2.8,196.4,25667.18,15827.97,-9839.21,2024-07-23,A
183,Riz,Bourgogne,49.01,6.93,14.6,701.2,63.9,5.98,63.2,25.5,232.4,66005.69,109940.49,43934.8,2024-10-06,A
184,Coton,Bourgogne,74.51,2.0,24.0,513.7,58.0,6.03,44.6,23.2,156.2,107347.3,43590.77,-63756.53,2024-07-04,B
185,Coton,Picardie,56.53,1.46,16.6,126.7,73.8,6.21,32.6,30.6,150.0,68659.74,31666.38,-36993.36,2025-05-11,A
186,Tournesol,Picardie,53.82,2.61,13.8,350.6,72.8,5.3,60.8,17.0,164.6,70439.48,39251.46,-31188.02,2025-03-16,A
187,Tournesol,Beauce,68.19,3.36,18.4,53.5,67.6,6.17,59.1,22.1,161.6,84235.39,75187.27,-9048.11,2024-07-10,B
188,Tournesol,Champagne,82.63,1.96,26.8,617.1,56.5,7.66,44.1,28.6,211.0,111251.73,71509.51,-39742.22,2024-07-08,B
189,Orge,Beauce,64.38,6.02,13.8,1303.0,64.4,6.84,40.5,29.6,220.4,83788.67,77239.23,-6549.43,2024-11-18,B
190,Riz,Bretagne,64.02,2.9,16.6,715.5,60.6,6.61,18.4,28.3,138.8,72605.03,70080.38,-2524.65,2024-07-13,B
191,Colza,Beauce,98.29,4.18,16.0,162.3,62.2,6.09,48.2,21.0,130.0,90056.72,160498.1,70441.38,2025-02-04,B
192,Colza,Champagne,71.93,1.34,25.1,130.2,58.9,5.17,25.1,25.6,240.5,87954.14,26391.43,-61562.7,2024-11-20,A
193,Riz,Bretagne,21.35,9.99,30.2,398.5,66.4,8.0,52.3,27.3,137.3,26859.41,43700.28,16840.87,2024-07-25,A
194,Maïs,Picardie,61.78,8.61,16.2,1341.1,74.7,5.58,57.3,37.3,135.1,102928.87,231598.03,128669.16,2025-01-09,B
195,Orge,Beauce,6.46,4.98,23.3,90.6,69.1,7.83,55.9,18.1,247.8,8079.79,14109.51,6029.72,2025-03-31,C
196,Maïs,Picardie,46.27,10.59,23.1,1509.0,54.6,6.39,49.7,26.5,115.8,70487.36,89421.92,18934.56,2024-10-07,A
197,Riz,Normandie,6.5,6.9,27.3,91.3,77.4,7.35,52.7,24.4,170.3,6602.03,15307.1,8705.07,2025-05-27,A
198,Colza,Bretagne,29.07,1.77,8.7,865.0,63.4,4.57,58.8,19.5,193.2,51965.35,13325.88,-38639.47,2024-11-15,C
199,Coton,Beauce,64.87,2.17,9.7,183.8,68.4,6.74,55.8,23.2,238.1,79638.78,42121.92,-37516.86,2024-10-03,A
200,Tournesol,Champagne,49.6,1.71,13.9,217.5,83.0,6.5,25.6,28.4,113.4,41088.32,20044.42,-21043.9,2025-02-03,B
201,Coton,Picardie,70.09,1.12,12.5,69.5,74.8,6.93,29.4,26.1,186.6,77783.88,19475.12,-58308.76,2024-08-04,B
202,Blé,Bourgogne,30.79,10.52,16.3,542.7,59.1,6.96,53.4,29.9,124.6,31771.07,86158.0,54386.93,2024-07-30,B
203,Riz,Bourgogne,46.73,6.74,11.6,783.1,65.2,7.24,52.2,28.4,204.3,68856.09,71947.93,3091.83,2025-04-27,B
204,Colza,Bourgogne,26.12,2.7,22.2,72.3,66.3,7.9,40.8,28.4,148.8,34463.85,24309.73,-10154.12,2024-11-18,A
205,Tournesol,Picardie,87.79,2.37,14.8,553.5,50.3,6.71,45.6,37.0,159.9,136389.3,48833.46,-87555.84,2024-06-23,B
206,Coton,Normandie,70.75,1.3,30.3,399.2,52.8,6.57,31.1,27.0,144.2,71189.31,26359.56,-44829.76,2024-08-11,B
207,Maïs,Normandie,88.75,10.57,26.2,447.4,68.8,7.25,41.6,30.8,142.4,137794.36,286619.04,148824.67,2025-03-18,C
208,Riz,Champagne,12.19,8.2,26.4,162.4,62.1,7.64,50.0,22.6,176.4,14481.35,39684.99,25203.64,2025-04-25,A
209,Colza,Picardie,53.77,3.17,12.0,543.6,64.0,6.62,62.7,24.7,194.2,82226.92,58643.12,-23583.81,2025-04-11,B
210,Soja,Champagne,65.04,4.0,19.4,18.6,72.0,6.34,61.7,21.8,164.4,58234.01,54128.83,-4105.17,2025-04-25,A
211,Colza,Normandie,63.95,3.18,28.4,557.3,70.0,6.57,66.2,28.3,145.6,63623.7,85598.59,21974.9,2024-11-09,B
212,Orge,Bretagne,24.21,7.61,23.2,879.8,87.4,7.39,43.6,15.3,140.5,26970.37,45166.4,18196.03,2025-03-10,C
213,Maïs,Champagne,45.95,9.4,22.3,351.5,84.3,6.37,28.8,29.5,177.6,66023.87,165029.58,99005.71,2025-04-12,B
214,Orge,Champagne,79.74,5.47,34.5,248.8,75.8,5.47,54.2,29.2,194.0,125479.59,166588.74,41109.15,2025-01-02,B
215,Blé,Bourgogne,89.37,8.13,18.0,326.0,70.9,6.58,41.0,30.4,167.9,160524.82,292789.58,132264.76,2024-09-27,B
216,Blé,Picardie,35.22,8.84,18.2,490.8,72.2,7.33,44.8,23.5,109.7,62027.9,130953.51,68925.61,2024-08-12,B
217,Coton,Picardie,43.22,1.63,13.8,56.9,78.4,6.34,45.1,24.0,206.4,62166.91,26614.81,-35552.09,2025-03-30,A
218,Blé,Champagne,47.09,11.52,19.0,337.1,61.2,7.27,65.8,12.9,159.5,60942.24,223709.61,162767.37,2024-12-24,B
219,Blé,Picardie,71.23,6.11,19.6,449.3,57.2,5.65,67.2,40.7,180.1,68108.59,152993.56,84884.98,2024-09-25,B
220,Colza,Champagne,91.47,2.32,25.2,17.3,49.2,8.29,42.3,14.9,256.2,131628.61,92803.45,-38825.17,2025-05-30,A
221,Orge,Normandie,62.65,5.96,22.3,350.1,62.5,5.11,61.7,18.5,174.0,104187.52,156623.38,52435.86,2025-01-08,B
222,Colza,Normandie,11.37,3.51,23.7,2356.7,68.5,6.56,62.9,24.0,172.7,20179.56,15960.14,-4219.43,2025-04-09,C
223,Orge,Beauce,55.34,3.16,28.6,215.3,68.1,6.42,25.9,24.1,149.2,79166.52,41881.16,-37285.36,2025-04-17,A
224,Tournesol,Champagne,87.14,2.6,17.1,175.6,59.5,6.65,53.9,20.5,163.5,83214.67,45908.44,-37306.23,2025-02-02,C
225,Riz,Champagne,46.97,7.07,13.6,260.4,69.4,5.94,60.1,25.9,176.0,71162.12,84990.04,13827.92,2024-10-29,B
226,Orge,Normandie,99.0,6.73,21.1,341.6,78.6,7.05,38.8,31.4,229.0,167258.79,186730.05,19471.26,2024-11-05,B
227,Orge,Normandie,48.13,4.76,0.1,728.6,47.4,7.26,39.5,11.4,143.0,47956.7,100057.31,52100.61,2024-10-26,B
228,Orge,Normandie,51.62,4.71,22.1,287.7,61.8,7.3,31.8,32.7,189.3,62285.69,103034.0,40748.31,2025-03-08,C
229,Colza,Picardie,80.61,3.45,17.9,639.3,53.0,5.93,41.5,34.4,187.8,82265.92,66412.31,-15853.6,2024-10-05,B
230,Tournesol,Picardie,57.66,1.95,14.1,557.2,81.2,7.83,42.8,20.7,149.3,57633.54,29103.25,-28530.28,2024-07-19,C
231,Orge,Picardie,53.73,8.6,24.2,616.4,67.2,7.09,60.0,36.0,204.3,63173.19,171518.77,108345.58,2024-07-09,A
232,Orge,Picardie,9.77,10.27,21.0,91.5,66.7,4.8,56.5,26.7,200.3,8159.66,32999.14,24839.48,2024-08-08,C
233,Tournesol,Normandie,22.97,0.93,23.9,97.1,74.1,6.16,14.3,26.0,183.5,32402.88,5002.93,-27399.96,2025-01-24,B
234,Tournesol,Normandie,13.32,1.83,22.9,94.7,78.5,6.64,23.5,16.5,162.7,14419.8,7127.82,-7291.97,2024-07-03,A
235,Riz,Bretagne,94.98,8.78,23.0,123.4,67.4,7.76,59.8,32.0,161.8,102337.96,213496.19,111158.23,2025-04-15,B
236,Maïs,Normandie,84.28,8.14,23.2,490.0,51.9,5.48,43.4,18.6,147.2,146274.13,157862.57,11588.44,2024-11-16,B
237,Coton,Champagne,22.99,1.25,17.0,495.3,57.3,5.8,26.1,31.8,175.8,24671.75,6566.09,-18105.67,2025-01-11,C
238,Maïs,Beauce,30.81,8.32,24.4,22.9,53.6,7.9,59.0,23.1,225.4,30515.89,58933.23,28417.34,2025-01-14,B
239,Blé,Champagne,46.22,3.53,22.1,303.2,58.2,6.45,17.2,31.2,115.0,52868.2,61608.91,8740.71,2025-03-13,C
240,Soja,Beauce,59.8,1.64,20.6,334.4,73.8,6.73,20.2,17.3,175.1,75587.94,20755.51,-54832.43,2024-10-18,B
241,Orge,Normandie,80.0,8.64,21.1,481.2,68.2,7.29,49.8,28.5,167.1,83701.38,203477.41,119776.03,2025-03-10,A
242,Tournesol,Bretagne,63.33,2.43,29.5,225.7,59.8,6.38,46.9,22.6,119.2,66674.53,51605.06,-15069.48,2024-12-12,C
243,Tournesol,Normandie,91.72,2.14,17.1,21.3,70.0,5.55,48.0,21.5,221.6,86184.5,66022.95,-20161.55,2024-09-02,B
244,Tournesol,Bourgogne,67.15,2.33,21.6,91.4,63.3,5.89,54.6,26.2,136.3,95295.11,42240.36,-53054.75,2024-10-06,B
245,Orge,Champagne,43.3,7.79,21.6,1115.4,54.1,6.03,48.4,30.7,98.0,61138.97,94716.55,33577.58,2024-06-14,C
246,Riz,Champagne,83.59,7.02,22.6,213.2,78.9,7.53,42.5,19.6,164.9,70378.81,172037.83,101659.01,2024-09-01,B
247,Maïs,Beauce,76.48,16.36,20.1,525.9,46.1,6.68,55.4,14.8,248.1,93949.76,472348.15,378398.39,2024-12-23,C
248,Tournesol,Bourgogne,31.07,0.5,22.1,3.2,68.1,6.2,2.3,25.2,192.2,52862.29,3698.55,-49163.74,2024-07-24,C
249,Riz,Normandie,17.58,8.14,13.6,106.6,79.3,6.86,39.5,23.1,231.5,22050.45,55865.9,33815.45,2024-07-31,A
250,Coton,Normandie,47.01,1.47,11.2,225.5,53.4,6.0,43.4,3.4,187.5,75091.23,25921.85,-49169.38,2024-08-02,B
251,Tournesol,Normandie,8.41,1.71,16.5,107.1,62.3,5.64,31.6,17.2,141.5,13948.99,5426.64,-8522.34,2025-01-19,A
252,Soja,Beauce,72.4,3.63,19.8,146.4,66.2,6.1,50.2,24.4,110.6,77572.48,111549.92,33977.45,2025-04-10,A
253,Soja,Bourgogne,87.72,1.49,22.6,101.6,70.6,7.01,36.8,9.1,155.6,99504.46,37523.76,-61980.7,2024-09-10,A
254,Orge,Bourgogne,10.38,4.87,17.8,571.1,62.9,6.36,32.9,14.2,247.9,8667.78,14448.46,5780.68,2025-05-09,A
255,Coton,Picardie,68.88,1.51,23.1,904.2,61.1,5.7,33.7,13.3,159.9,111879.52,29876.74,-82002.78,2024-07-04,B
256,Orge,Picardie,32.5,7.17,25.8,445.0,60.5,6.33,54.1,33.9,222.1,41195.53,80892.74,39697.22,2025-01-25,B
257,Soja,Normandie,29.09,1.73,33.4,9.5,65.1,5.16,37.0,29.4,277.2,28945.3,17970.7,-10974.6,2024-12-13,B
258,Maïs,Bretagne,59.66,10.97,0.6,802.7,59.6,7.22,58.5,38.5,244.9,73324.78,166488.28,93163.5,2024-09-04,A
259,Maïs,Champagne,16.59,10.0,19.0,432.9,69.9,5.5,56.5,15.7,204.4,29811.99,38062.07,8250.08,2025-03-15,C
260,Colza,Normandie,96.7,1.45,22.1,250.4,52.1,8.03,25.8,26.5,220.3,82238.5,58989.72,-23248.78,2025-01-07,A
261,Tournesol,Bourgogne,54.92,2.1,10.0,996.9,77.7,5.65,40.8,17.0,221.5,87442.63,41760.77,-45681.86,2024-12-30,B
262,Coton,Beauce,9.03,1.66,21.8,117.0,62.2,6.62,41.7,29.3,173.5,13413.07,6345.51,-7067.56,2025-03-17,B
263,Tournesol,Picardie,29.18,3.04,15.4,205.7,68.4,7.21,55.8,17.7,234.2,48173.52,38837.33,-9336.2,2024-08-25,C
264,Orge,Picardie,11.25,5.59,18.2,669.1,83.7,5.63,38.5,5.7,148.2,19030.91,19213.06,182.14,2025-04-15,B
265,Blé,Normandie,16.36,4.93,26.9,358.9,64.6,5.71,66.3,31.7,228.3,26240.42,23806.92,-2433.5,2024-09-10,B
266,Orge,Beauce,60.63,4.54,22.8,82.6,90.0,5.69,39.6,28.3,177.8,81325.59,55983.99,-25341.6,2024-11-13,C
267,Riz,Champagne,42.92,10.5,15.5,19.7,64.5,6.8,42.3,10.9,187.1,40943.03,200006.98,159063.95,2024-07-19,B
268,Coton,Beauce,97.64,1.88,26.5,953.2,56.6,7.43,45.7,30.6,192.8,159469.5,48159.95,-111309.55,2025-02-16,B
269,Riz,Normandie,37.83,6.96,12.9,184.8,78.0,7.65,48.7,31.2,109.6,33170.26,59191.35,26021.09,2025-05-08,B
270,Blé,Beauce,66.58,2.83,28.0,240.4,51.2,5.15,18.1,14.2,151.6,57356.97,75437.38,18080.41,2025-06-05,B
271,Maïs,Normandie,42.22,11.93,19.5,368.3,50.7,5.06,67.4,18.3,165.5,42588.34,98613.42,56025.08,2025-06-11,A
272,Maïs,Normandie,19.09,14.22,15.6,41.5,61.0,6.09,49.1,10.1,215.2,18561.24,113302.33,94741.1,2024-06-22,A
273,Riz,Champagne,80.18,0.5,22.9,153.7,93.3,6.72,-5.1,20.0,139.7,88761.38,9329.53,-79431.85,2024-10-02,A
274,Maïs,Bretagne,93.91,9.76,24.1,1415.4,71.7,5.85,43.5,21.1,285.3,138265.01,284106.02,145841.02,2024-10-26,B
275,Coton,Beauce,7.29,0.9,25.0,5.2,60.7,6.79,22.9,34.5,116.0,11315.75,2771.21,-8544.54,2024-06-13,A
276,Maïs,Beauce,79.52,11.23,11.9,700.3,43.7,7.35,48.8,36.1,197.8,111211.66,260622.78,149411.12,2025-01-19,C
277,Tournesol,Champagne,56.58,3.67,18.6,260.3,64.5,6.9,53.5,31.3,159.7,45966.17,45444.61,-521.57,2024-09-19,A
278,Tournesol,Beauce,53.04,0.5,11.3,21.0,68.4,4.5,9.4,22.3,172.1,45723.7,5283.22,-40440.48,2024-07-04,B
279,Riz,Normandie,94.87,4.58,23.3,20.0,65.8,6.64,24.9,21.7,185.3,83216.36,98102.65,14886.29,2024-12-06,A
280,Colza,Picardie,5.4,3.2,24.9,112.9,68.8,6.6,40.0,16.9,148.4,7937.12,6098.0,-1839.12,2025-01-08,B
281,Blé,Champagne,21.1,7.58,17.9,1787.6,65.7,6.92,45.9,24.8,139.2,21267.14,54191.47,32924.33,2024-08-15,B
282,Tournesol,Champagne,42.94,2.9,16.8,30.2,54.2,5.45,52.5,22.2,160.2,51939.23,55278.73,3339.5,2025-01-12,A
283,Riz,Bretagne,69.2,2.74,16.4,526.1,74.9,6.81,10.7,20.6,263.1,59452.75,66627.24,7174.49,2024-12-21,A
284,Soja,Picardie,61.41,1.91,31.8,846.8,58.0,5.56,42.0,41.5,106.7,84474.04,26179.68,-58294.36,2024-08-03,A
285,Riz,Bourgogne,44.18,8.67,16.8,256.2,73.6,6.54,43.4,34.5,147.2,41108.1,114507.55,73399.45,2025-01-15,A
286,Orge,Champagne,7.27,5.61,11.6,365.8,42.8,6.6,45.0,23.2,219.8,10074.48,17731.32,7656.85,2024-06-22,A
287,Riz,Bretagne,16.56,3.19,14.7,53.6,81.5,7.1,25.5,24.7,108.4,23632.1,21037.2,-2594.9,2025-05-18,B
288,Riz,Normandie,60.86,4.99,24.9,339.6,58.1,5.87,35.6,19.0,200.9,74643.8,105117.94,30474.14,2025-04-25,A
289,Tournesol,Bretagne,32.89,2.57,24.5,346.0,76.4,5.23,67.2,21.7,211.4,44639.36,31386.67,-13252.69,2024-09-24,B
290,Maïs,Bretagne,91.61,4.48,12.7,677.3,60.2,6.25,23.9,33.7,107.5,76982.2,130693.35,53711.15,2024-10-09,B
291,Tournesol,Bourgogne,17.42,3.96,18.9,609.1,69.7,7.11,60.8,24.2,196.7,23951.01,16276.2,-7674.81,2025-04-03,B
292,Riz,Bretagne,80.53,7.58,25.4,92.6,77.4,5.36,57.3,25.4,198.6,90494.62,236134.02,145639.4,2024-09-15,A
293,Coton,Champagne,81.84,1.48,11.0,25.8,51.1,5.71,44.5,18.5,135.4,135745.37,49933.35,-85812.01,2025-05-09,A
294,Coton,Bretagne,34.65,2.28,24.3,1160.3,51.4,7.48,78.3,25.1,138.1,55516.75,32561.18,-22955.57,2025-03-26,B
295,Colza,Bourgogne,98.72,2.85,13.4,1149.9,74.1,6.19,55.4,30.0,203.6,142836.83,98007.58,-44829.25,2024-10-09,B
296,Tournesol,Beauce,43.17,3.67,21.1,1282.3,64.3,6.47,52.6,21.2,223.9,59481.31,41687.39,-17793.93,2024-11-15,B
297,Orge,Beauce,73.91,7.1,16.4,730.2,68.8,7.47,60.9,32.0,167.4,124640.88,101153.17,-23487.71,2025-04-03,B
298,Maïs,Champagne,21.3,6.07,14.4,106.1,76.6,7.66,45.9,27.8,187.6,20608.49,39453.39,18844.9,2024-12-02,B
299,Coton,Picardie,82.92,0.72,21.3,361.9,58.3,5.19,18.2,20.0,203.3,104320.85,14790.48,-89530.36,2025-02-02,C
300,Tournesol,Bretagne,15.01,2.83,31.0,548.7,75.3,6.13,61.7,9.4,225.2,20325.63,13520.72,-6804.91,2024-11-10,B
301,Tournesol,Bourgogne,64.03,1.69,21.9,225.2,67.0,6.53,29.4,15.1,120.4,53499.84,48463.82,-5036.02,2024-08-26,A
302,Maïs,Normandie,87.27,11.39,22.0,198.9,58.1,7.37,73.6,20.2,225.5,70683.65,387669.19,316985.54,2024-08-02,A
303,Tournesol,Bretagne,37.05,2.24,21.5,1938.2,45.5,5.72,64.6,30.3,157.9,38289.96,16439.07,-21850.89,2025-03-21,B
304,Blé,Champagne,95.57,6.91,15.3,216.1,76.0,6.26,44.8,32.3,151.1,82214.71,171997.44,89782.74,2024-09-12,B
305,Tournesol,Normandie,50.87,1.9,14.1,158.0,76.9,7.87,42.5,23.5,135.9,83246.16,30585.22,-52660.93,2024-09-12,C
306,Tournesol,Champagne,47.48,3.67,18.6,372.5,77.7,6.51,77.0,14.9,142.6,77390.59,62164.56,-15226.04,2024-06-16,B
307,Coton,Bourgogne,16.0,1.16,27.9,99.6,59.7,5.96,32.6,31.4,198.0,26071.61,5884.75,-20186.86,2024-08-22,B
308,Coton,Bourgogne,34.8,1.78,31.3,167.8,50.9,6.89,62.7,28.8,171.9,49963.04,17056.42,-32906.62,2025-04-02,C
309,Coton,Champagne,60.72,2.39,10.6,222.0,68.8,6.56,48.2,30.8,184.3,91846.97,33721.68,-58125.29,2024-12-07,C
310,Maïs,Champagne,73.9,8.36,21.0,291.3,49.2,6.2,34.2,23.8,224.5,85755.76,125786.54,40030.78,2025-05-02,A
311,Colza,Picardie,92.98,3.62,16.8,966.9,61.8,6.49,41.8,22.0,150.9,125208.21,140804.56,15596.36,2025-01-11,A
312,Blé,Bretagne,60.0,7.68,15.2,522.1,74.7,5.21,48.1,23.7,287.1,51272.17,121971.6,70699.43,2025-01-08,B
313,Orge,Beauce,92.14,2.98,19.8,470.3,54.5,7.08,24.0,21.5,198.5,113406.3,72478.64,-40927.67,2025-02-01,B
314,Tournesol,Bretagne,43.18,2.97,22.9,180.6,81.7,7.07,51.4,28.0,157.8,63634.21,38611.26,-25022.95,2025-01-06,B
315,Coton,Champagne,25.52,1.42,23.5,315.6,56.2,5.98,31.0,24.1,246.6,32544.37,15259.32,-17285.05,2025-04-29,B
316,Coton,Picardie,74.17,2.33,23.3,236.8,61.8,6.23,59.4,28.7,132.8,103858.13,65133.08,-38725.05,2024-07-25,C
317,Coton,Beauce,49.98,1.38,27.5,28.4,49.0,7.31,36.8,11.8,240.2,83443.06,14105.53,-69337.53,2024-08-12,B
318,Orge,Beauce,54.22,4.63,25.5,128.1,71.5,7.09,39.9,27.0,162.7,83929.3,101844.64,17915.34,2024-07-19,C
319,Orge,Beauce,82.1,5.35,13.5,476.5,54.2,7.55,47.0,26.0,172.9,80013.18,162977.08,82963.89,2025-03-19,B
320,Soja,Bretagne,62.23,2.54,19.8,520.2,65.9,6.6,25.9,28.0,224.6,80269.27,50996.77,-29272.5,2025-01-24,A
321,Soja,Bretagne,81.49,0.67,16.5,595.6,74.2,6.61,8.7,28.4,204.4,88647.07,20412.86,-68234.22,2024-08-22,A
322,Soja,Picardie,63.35,2.1,25.2,164.0,84.7,6.79,32.0,24.8,180.7,65666.84,41318.85,-24347.99,2025-05-25,A
323,Blé,Champagne,16.32,6.4,17.1,86.7,72.6,7.76,45.4,25.9,153.0,26838.18,26208.62,-629.56,2024-10-26,A
324,Riz,Beauce,77.83,7.36,16.5,344.7,42.8,7.13,34.8,22.5,148.8,137463.15,253200.58,115737.43,2024-12-30,B
325,Orge,Normandie,92.84,4.94,25.2,243.3,48.0,7.8,43.3,17.3,133.8,159018.09,158113.24,-904.85,2024-12-12,A
326,Orge,Beauce,69.9,6.01,15.9,764.3,73.4,8.75,43.4,28.1,150.5,121099.24,140836.48,19737.24,2025-05-27,A
327,Coton,Champagne,85.27,2.2,17.2,308.3,69.9,6.99,32.1,17.7,134.5,102529.03,48904.8,-53624.24,2025-01-20,A
328,Orge,Picardie,98.54,5.78,18.3,257.1,71.8,5.44,43.6,23.0,133.1,99438.65,122542.62,23103.98,2025-01-19,B
329,Tournesol,Champagne,16.47,2.37,22.4,153.0,70.2,4.45,47.1,35.8,239.9,26568.65,8060.0,-18508.64,2024-07-23,B
330,Tournesol,Normandie,98.38,2.12,2.6,579.8,72.8,7.15,42.6,20.0,140.8,141940.37,77932.6,-64007.78,2024-09-04,B
331,Maïs,Champagne,61.34,8.03,28.7,760.2,80.9,6.74,70.0,14.7,215.0,63950.02,127459.03,63509.01,2024-07-11,A
332,Orge,Bretagne,19.42,4.98,19.8,257.2,59.5,5.67,35.9,23.9,218.3,27139.25,34772.28,7633.03,2025-01-13,A
333,Riz,Normandie,34.52,7.82,10.8,1087.1,71.5,6.73,39.6,38.3,182.1,43730.04,74818.94,31088.9,2024-12-09,B
334,Tournesol,Beauce,88.39,2.53,20.3,244.2,36.7,6.09,33.5,24.7,92.1,88739.26,90122.89,1383.63,2025-03-20,A
335,Soja,Bourgogne,72.96,4.05,20.4,731.7,34.4,7.46,68.5,25.4,127.5,58890.05,89579.85,30689.79,2024-08-19,A
336,Orge,Bretagne,7.58,8.59,17.3,246.7,53.3,7.29,43.5,16.1,127.6,11995.23,11901.63,-93.6,2024-07-13,B
337,Coton,Bourgogne,29.96,1.58,20.4,958.2,45.0,6.45,67.4,32.8,184.7,52491.59,19103.45,-33388.14,2024-06-24,C
338,Riz,Bretagne,96.82,5.72,18.1,345.6,70.9,4.22,32.1,16.0,169.7,168927.89,149801.33,-19126.57,2025-03-17,B
339,Orge,Bretagne,76.13,8.53,21.1,337.8,70.2,6.97,47.2,40.4,194.0,133665.94,158358.59,24692.65,2025-05-04,B
340,Orge,Champagne,53.94,3.97,18.0,1516.9,64.9,7.44,24.4,29.2,254.8,96569.54,73857.28,-22712.26,2025-05-26,C
341,Riz,Beauce,76.31,8.71,19.6,288.5,62.9,6.02,61.5,17.8,203.7,75193.45,152325.37,77131.92,2024-07-05,B
342,Coton,Beauce,41.93,2.3,17.5,491.0,75.3,6.78,40.4,12.3,188.7,39056.91,24218.8,-14838.11,2024-11-23,A
343,Tournesol,Beauce,30.98,1.96,24.6,1359.9,61.5,4.99,36.1,40.6,190.8,35734.69,16097.91,-19636.78,2025-01-23,C
344,Soja,Bretagne,43.49,3.23,16.9,2.7,66.0,7.78,46.8,37.1,228.1,34905.98,57529.44,22623.46,2025-02-13,A
345,Maïs,Picardie,16.31,6.61,29.6,674.5,54.2,5.12,33.8,26.4,197.7,16634.63,26782.13,10147.49,2024-07-25,A
346,Tournesol,Normandie,47.22,3.27,15.4,126.5,74.6,7.25,45.1,23.1,171.0,52094.35,57739.22,5644.86,2024-08-25,A
347,Soja,Normandie,71.65,1.85,23.0,745.4,69.6,7.62,29.3,21.8,173.2,80918.56,48734.23,-32184.33,2025-05-21,B
348,Tournesol,Beauce,19.85,3.11,19.4,139.2,85.4,6.18,55.2,15.8,210.2,30810.03,20618.04,-10191.99,2024-12-21,A
349,Colza,Bourgogne,47.68,3.0,30.7,76.5,66.8,7.92,50.8,21.5,177.9,44086.01,50938.56,6852.56,2024-10-29,A
350,Blé,Champagne,66.17,8.11,18.8,57.2,57.8,6.75,54.7,29.7,163.6,108145.32,180203.91,72058.59,2025-04-21,A
351,Maïs,Bourgogne,70.71,7.08,20.6,34.0,61.1,5.11,36.8,16.3,185.4,63940.47,109749.28,45808.81,2025-01-07,B
352,Orge,Normandie,64.04,8.52,22.6,124.3,63.4,7.18,50.7,20.3,124.8,65316.32,163830.42,98514.09,2025-04-26,A
353,Coton,Bourgogne,65.72,1.96,20.9,720.7,72.0,6.0,50.1,17.8,217.9,113731.55,24060.91,-89670.64,2024-11-21,B
354,Orge,Picardie,39.42,5.43,14.2,1485.3,81.0,7.56,50.3,18.0,158.3,64108.86,79129.31,15020.45,2025-04-04,C
355,Maïs,Champagne,71.46,9.25,15.8,1072.2,46.6,7.01,41.2,29.6,209.1,81677.62,237970.4,156292.77,2025-01-19,A
356,Orge,Beauce,28.24,5.44,19.1,815.2,63.5,7.27,33.0,24.4,219.8,34492.26,62489.31,27997.04,2024-09-21,B
357,Tournesol,Picardie,13.68,3.24,23.3,20.0,73.2,6.33,62.7,29.8,99.1,13495.13,10236.24,-3258.89,2025-05-06,A
358,Tournesol,Normandie,7.53,1.63,29.0,733.9,80.2,6.73,27.6,14.3,117.9,11556.89,4274.33,-7282.55,2024-11-04,B
359,Orge,Bourgogne,12.35,4.38,21.9,133.5,73.0,5.62,61.4,30.0,234.4,13942.47,18556.98,4614.51,2024-08-02,B
360,Maïs,Bretagne,8.18,12.45,21.1,486.0,72.7,6.86,58.5,14.1,188.0,11280.14,22890.9,11610.77,2025-04-27,B
361,Colza,Picardie,59.52,3.05,17.0,264.3,66.6,7.03,33.5,28.6,168.7,76987.79,77267.76,279.97,2024-07-22,B
362,Maïs,Beauce,90.1,4.67,17.2,138.3,53.5,5.42,21.2,28.3,171.4,81405.36,150282.8,68877.44,2025-01-31,B
363,Orge,Champagne,15.19,2.11,20.6,253.2,48.5,7.17,17.4,44.2,287.0,23290.1,13049.96,-10240.14,2024-06-21,A
364,Soja,Champagne,30.28,3.5,6.7,689.2,81.2,5.49,74.6,28.3,221.4,25404.8,32152.28,6747.48,2024-07-11,B
365,Riz,Normandie,17.52,6.68,8.9,81.1,54.5,6.49,41.8,16.5,208.9,17935.38,48152.19,30216.81,2025-03-22,B
366,Soja,Bourgogne,30.46,3.43,23.4,224.9,43.1,6.02,50.6,29.7,176.0,52153.42,36626.93,-15526.49,2025-01-20,B
367,Maïs,Bourgogne,91.7,12.1,13.0,244.8,77.6,6.37,47.8,25.8,157.5,95071.72,224895.43,129823.71,2025-03-06,B
368,Coton,Bourgogne,37.51,1.86,15.0,1516.6,57.8,6.26,57.1,20.3,150.0,66822.23,24470.04,-42352.19,2025-05-18,B
369,Tournesol,Champagne,63.06,1.52,27.6,617.7,75.5,5.86,29.1,19.1,178.9,58506.37,32408.12,-26098.25,2024-07-24,C
370,Maïs,Normandie,64.85,8.34,29.9,677.3,81.5,6.25,58.9,26.8,249.2,78949.44,118389.73,39440.29,2025-02-28,A
371,Soja,Picardie,68.11,2.13,17.7,169.4,44.3,6.83,28.2,29.9,145.2,97544.91,43118.87,-54426.04,2025-03-21,B
372,Maïs,Bourgogne,25.02,7.84,20.8,219.7,59.6,7.88,31.7,31.2,194.3,25941.33,68533.86,42592.52,2024-12-17,B
373,Coton,Bourgogne,53.2,1.86,20.2,21.7,59.3,6.27,47.0,27.1,201.1,58043.38,41122.47,-16920.91,2025-04-23,B
374,Colza,Bretagne,95.47,1.99,19.0,353.0,48.3,6.47,20.7,23.2,170.1,127260.23,66462.9,-60797.34,2024-09-07,C
375,Colza,Bretagne,93.69,3.25,19.6,80.2,74.1,6.3,43.3,34.3,175.8,155072.68,84252.07,-70820.61,2024-12-02,B
376,Riz,Bretagne,63.38,9.75,19.5,1350.6,70.8,5.66,57.3,17.3,207.7,107264.37,124356.03,17091.66,2025-02-02,A
377,Colza,Beauce,14.85,3.53,20.9,644.8,65.1,6.82,60.2,23.4,205.9,15867.7,23586.54,7718.84,2025-05-12,C
378,Maïs,Bourgogne,78.12,6.49,26.4,69.6,71.1,7.52,46.9,21.2,140.3,125853.48,146084.94,20231.46,2024-06-15,A
379,Tournesol,Champagne,85.76,2.6,25.7,953.3,64.5,6.89,53.2,29.5,157.8,72886.22,49195.1,-23691.13,2024-11-08,C
380,Tournesol,Picardie,37.46,1.12,19.8,204.1,65.3,6.79,19.5,25.1,184.9,65677.63,17849.75,-47827.88,2025-05-23,B
381,Coton,Champagne,87.88,1.71,20.2,579.5,89.0,5.55,44.3,16.6,198.9,154869.83,48136.21,-106733.63,2024-09-24,B
382,Tournesol,Bourgogne,82.43,2.76,22.1,12.7,68.5,5.78,54.4,28.2,262.3,87427.69,59239.56,-28188.13,2025-05-04,C
383,Colza,Picardie,79.95,4.15,23.5,55.2,60.6,6.07,49.4,13.0,231.2,82799.53,123794.63,40995.1,2024-09-05,C
384,Maïs,Champagne,53.08,9.8,12.4,360.1,62.6,5.68,52.5,18.3,163.8,85709.6,225132.92,139423.32,2025-04-16,B
385,Maïs,Picardie,57.65,8.98,34.9,637.5,75.3,7.37,36.5,21.5,173.6,87974.12,221574.29,133600.17,2024-07-21,B
386,Orge,Bretagne,34.17,5.37,20.8,162.6,61.8,6.18,43.3,27.1,174.0,28540.18,49010.07,20469.89,2025-05-27,B
387,Soja,Beauce,24.57,2.53,23.0,189.5,64.3,5.81,32.8,37.7,169.7,27977.39,20616.11,-7361.28,2024-11-26,C
388,Tournesol,Bourgogne,17.03,2.9,17.5,765.7,68.7,6.3,64.8,18.0,205.1,16664.71,15449.59,-1215.11,2024-09-29,A
389,Colza,Bourgogne,74.22,2.53,29.4,155.2,71.7,6.49,58.0,20.7,177.8,67546.15,53141.29,-14404.85,2024-09-18,C
390,Colza,Champagne,34.78,2.31,20.8,520.1,67.6,5.74,28.9,29.8,172.0,49407.46,28289.6,-21117.87,2024-11-10,C
391,Tournesol,Beauce,64.38,3.07,19.1,179.6,81.8,6.05,52.2,4.0,282.0,86288.14,38314.12,-47974.02,2025-03-26,B
392,Riz,Normandie,40.37,7.87,23.7,544.0,56.9,6.83,40.9,27.1,138.1,42575.91,99147.55,56571.64,2025-06-03,A
393,Riz,Bourgogne,73.69,3.29,12.0,246.5,77.1,5.83,23.9,10.2,211.4,67068.77,69193.2,2124.42,2025-01-05,C
394,Coton,Picardie,24.88,1.06,44.3,141.1,76.9,7.6,32.2,28.8,205.3,21711.91,9734.11,-11977.8,2025-01-01,B
395,Maïs,Beauce,93.51,10.23,8.1,622.3,62.9,7.07,50.0,16.5,212.0,123448.27,318292.4,194844.14,2024-09-03,A
396,Maïs,Champagne,5.38,13.93,16.9,663.0,59.1,6.4,42.0,20.3,31.6,6995.3,21235.15,14239.85,2024-10-05,C
397,Colza,Champagne,20.84,3.1,25.3,897.6,69.4,7.83,49.6,29.7,236.6,18471.32,19750.97,1279.65,2025-02-13,A
398,Riz,Bretagne,85.9,7.74,25.3,204.6,90.7,7.22,59.5,28.8,165.3,82169.24,294823.84,212654.6,2024-09-27,A
399,Coton,Beauce,96.35,2.46,24.3,1131.3,61.6,7.46,63.7,34.9,173.0,135549.01,97206.62,-38342.4,2025-02-05,C
400,Riz,Beauce,96.62,4.16,27.8,25.8,52.9,4.82,32.2,25.6,222.5,146658.26,180009.02,33350.76,2024-10-13,C
401,Soja,Picardie,41.32,2.38,21.3,149.3,60.1,6.26,66.8,37.2,176.8,48239.78,31692.94,-16546.84,2024-10-19,C
402,Blé,Picardie,7.78,7.28,14.3,444.3,53.9,5.73,47.2,27.2,254.3,11037.73,17985.48,6947.75,2025-04-08,A
403,Tournesol,Picardie,45.04,3.14,31.5,151.6,57.1,7.12,50.8,13.3,151.5,76588.12,50773.25,-25814.87,2024-08-25,B
404,Tournesol,Picardie,8.57,3.24,17.1,696.1,56.2,6.39,69.0,30.9,180.4,11727.76,11895.2,167.44,2024-10-15,B
405,Blé,Normandie,65.05,6.11,18.6,93.8,71.3,8.24,55.5,31.3,154.5,111624.37,137553.31,25928.95,2025-05-20,C
406,Colza,Picardie,64.71,2.27,20.0,94.0,67.8,7.22,38.0,25.2,169.7,87824.88,55792.91,-32031.96,2025-05-06,C
407,Coton,Picardie,47.15,1.24,27.8,401.8,75.3,6.36,28.3,34.2,188.1,63590.04,23115.88,-40474.16,2025-02-18,C
408,Blé,Beauce,23.0,7.07,24.9,295.9,64.2,6.22,60.6,18.3,155.4,21293.15,42910.81,21617.66,2024-12-18,B
409,Blé,Bretagne,74.36,6.18,16.1,873.7,75.1,6.19,31.9,17.9,187.8,96142.83,105232.92,9090.09,2024-12-10,B
410,Orge,Champagne,23.83,5.85,16.9,384.8,51.6,7.72,60.5,33.0,211.3,22495.21,62718.63,40223.42,2025-02-28,B
411,Riz,Picardie,73.52,8.18,16.7,39.8,66.5,6.5,37.2,19.9,185.9,130998.53,220350.24,89351.71,2025-01-05,C
412,Maïs,Beauce,97.05,10.93,13.6,667.4,65.7,5.96,55.6,34.5,199.3,146929.19,455553.83,308624.64,2024-06-20,B
413,Colza,Picardie,84.49,1.15,25.1,397.6,76.1,5.57,19.1,24.5,109.9,73150.7,36059.46,-37091.24,2024-08-05,A
414,Soja,Bourgogne,13.05,3.45,15.4,56.0,61.9,6.44,55.3,19.5,169.1,20983.99,17478.78,-3505.21,2025-01-22,C
415,Maïs,Bourgogne,25.12,8.26,22.4,284.1,70.4,6.97,38.2,21.4,157.7,21771.21,93250.32,71479.11,2025-02-08,C
416,Coton,Bourgogne,72.88,1.35,23.2,781.8,60.0,6.27,28.5,19.5,151.1,103743.12,43433.15,-60309.97,2024-08-03,C
417,Soja,Picardie,54.57,2.66,14.8,327.6,64.9,5.57,45.1,9.6,153.0,85190.24,54152.8,-31037.44,2025-03-11,A
418,Maïs,Bourgogne,67.32,6.97,20.1,360.2,47.2,7.83,29.9,29.6,176.7,76822.32,179106.67,102284.35,2024-12-27,A
419,Coton,Champagne,67.9,1.08,21.3,698.6,65.7,6.37,36.3,25.0,212.1,77385.84,27504.49,-49881.35,2024-11-06,A
420,Blé,Picardie,92.47,4.83,20.5,143.6,77.4,6.23,32.3,32.4,166.8,127758.09,144809.72,17051.63,2025-04-16,C
421,Colza,Beauce,10.42,2.98,4.5,119.6,89.7,5.99,53.8,26.6,149.1,15248.08,10533.94,-4714.15,2025-03-25,B
422,Riz,Picardie,57.81,6.53,32.1,208.6,100.2,5.64,38.6,28.3,204.0,86684.3,109986.18,23301.88,2025-04-21,B
423,Orge,Bretagne,71.26,3.63,33.4,118.2,54.4,7.86,31.7,29.1,125.0,75752.47,97046.92,21294.45,2024-08-13,C
424,Maïs,Bretagne,39.11,10.61,14.6,230.5,47.2,4.97,54.5,45.5,197.4,62894.95,118152.01,55257.06,2025-04-12,C
425,Colza,Champagne,11.01,1.71,27.1,65.9,55.2,6.21,32.0,20.2,209.4,14920.55,6074.1,-8846.45,2024-10-17,C
426,Riz,Beauce,80.9,4.01,24.3,7.1,99.1,7.81,21.0,18.7,138.5,129685.89,94650.0,-35035.89,2025-05-01,C
427,Colza,Bretagne,41.0,3.56,24.9,175.7,79.7,6.02,58.7,37.6,198.3,66337.82,62951.28,-3386.53,2025-04-20,A
428,Soja,Bourgogne,46.59,2.52,8.8,41.5,74.2,5.72,49.3,27.1,147.1,48021.14,30354.43,-17666.71,2025-05-06,C
429,Coton,Bourgogne,5.39,2.08,20.5,617.8,59.2,6.53,39.8,24.3,226.0,5147.58,4033.46,-1114.12,2025-03-27,C
430,Maïs,Bourgogne,58.0,8.18,18.9,108.8,67.1,5.73,43.9,34.1,115.6,64048.21,96437.23,32389.02,2024-10-19,B
431,Blé,Picardie,15.72,4.77,14.0,69.6,53.3,6.09,33.0,22.2,210.8,15165.43,22200.07,7034.64,2025-02-28,A
432,Orge,Bourgogne,43.0,6.88,25.5,150.0,52.3,6.71,67.7,7.9,118.3,67873.03,128347.75,60474.72,2025-02-22,C
433,Maïs,Bourgogne,14.38,12.76,15.1,45.1,60.7,5.62,58.0,22.0,166.9,16750.26,59534.49,42784.23,2024-07-27,B
434,Tournesol,Normandie,50.81,1.5,27.0,222.3,50.1,5.6,28.6,24.5,197.3,67087.49,33675.94,-33411.55,2024-06-27,B
435,Maïs,Bretagne,39.52,9.87,20.2,53.2,56.5,6.23,60.7,28.7,172.5,58105.65,100622.01,42516.36,2024-09-08,B
436,Maïs,Bretagne,86.23,10.14,18.6,547.0,40.1,6.64,37.6,32.0,78.5,106231.35,248655.07,142423.72,2024-09-10,B
437,Blé,Picardie,42.32,6.91,26.6,128.7,47.3,6.69,56.0,9.9,192.5,74397.18,92391.87,17994.69,2024-08-29,B
438,Coton,Bretagne,24.56,1.71,12.5,775.0,49.0,6.27,53.8,19.6,215.1,27547.83,12800.32,-14747.51,2025-01-25,A
439,Coton,Picardie,15.61,1.59,32.7,285.9,62.3,7.51,43.7,24.2,245.2,20745.69,7682.36,-13063.33,2024-10-02,A
440,Soja,Beauce,21.41,0.5,18.6,121.8,70.0,6.79,5.9,20.8,152.1,25252.51,4559.94,-20692.57,2024-06-19,B
441,Soja,Beauce,65.62,2.74,21.9,382.4,48.1,6.42,37.8,35.7,220.3,80527.16,38565.07,-41962.08,2024-11-13,B
442,Orge,Bretagne,11.88,7.19,18.3,337.0,81.5,6.0,56.9,11.8,173.5,12950.3,35732.9,22782.6,2025-01-22,B
443,Tournesol,Bretagne,32.82,2.83,21.9,39.1,62.6,7.3,43.8,16.2,251.8,36723.91,40969.12,4245.2,2024-07-15,B
444,Tournesol,Champagne,10.76,1.7,5.9,54.1,60.1,7.32,39.3,41.7,197.2,13061.5,6004.15,-7057.35,2025-03-29,A
445,Coton,Normandie,49.89,1.67,14.6,446.2,60.7,7.94,46.1,14.2,134.3,82556.73,33079.65,-49477.08,2024-12-01,A
446,Coton,Picardie,22.74,1.68,27.1,1055.3,86.6,7.19,41.2,30.4,163.2,37100.06,14813.83,-22286.23,2025-04-16,B
447,Tournesol,Beauce,34.42,1.59,13.1,6.2,74.6,6.79,27.9,31.0,146.0,41372.02,10997.2,-30374.82,2024-08-16,C
448,Blé,Champagne,61.13,6.1,24.6,3.8,57.7,7.12,34.3,41.9,163.4,79818.64,68887.37,-10931.27,2024-08-10,C
449,Blé,Beauce,16.38,6.71,19.6,842.3,47.6,7.12,45.7,10.3,55.2,27832.76,46834.43,19001.67,2024-11-17,B
450,Soja,Picardie,6.27,2.16,24.5,401.8,41.2,6.01,24.1,20.2,181.6,5141.12,6003.43,862.31,2024-06-15,C
451,Soja,Normandie,6.74,3.46,29.9,163.6,69.7,6.19,67.6,42.5,170.7,7484.86,4741.08,-2743.78,2025-03-31,C
452,Soja,Normandie,29.86,2.76,29.2,54.4,78.5,5.11,51.1,22.8,184.5,25887.3,15478.31,-10408.98,2024-09-19,B
453,Orge,Champagne,59.33,4.29,22.5,209.7,67.6,6.56,24.2,26.5,163.4,71791.03,78853.64,7062.61,2025-05-27,A
454,Blé,Picardie,49.81,9.15,20.6,75.7,68.8,6.66,64.5,45.8,206.9,68318.04,87752.78,19434.74,2024-12-31,B
455,Colza,Picardie,60.51,2.32,15.1,146.2,65.1,5.53,55.9,31.6,157.3,92637.03,36231.22,-56405.81,2024-06-23,A
456,Maïs,Champagne,90.97,7.28,20.6,276.9,89.6,5.59,30.7,27.6,147.3,147178.11,181103.17,33925.07,2025-01-14,B
457,Riz,Bretagne,50.41,4.29,20.6,243.6,68.8,5.19,30.6,23.8,100.6,47634.01,53859.58,6225.58,2024-11-24,B
458,Blé,Bretagne,17.87,5.01,19.3,281.2,70.4,6.13,28.7,26.0,174.0,23565.21,18843.37,-4721.84,2024-12-25,A
459,Orge,Beauce,63.11,5.5,27.5,243.8,59.0,6.07,33.6,15.5,181.2,109661.83,147899.62,38237.79,2024-10-06,C
460,Orge,Beauce,77.64,2.87,23.1,311.3,66.8,7.4,16.6,31.7,149.6,84216.39,93626.06,9409.66,2025-01-07,B
461,Riz,Picardie,20.48,6.15,22.2,227.7,75.2,6.57,29.5,31.9,195.9,35102.41,31682.01,-3420.4,2025-03-30,B
462,Blé,Champagne,12.57,5.63,21.9,1610.0,57.1,7.37,39.7,34.9,226.7,10663.99,21284.52,10620.53,2025-02-04,B
463,Orge,Bretagne,77.05,7.7,20.6,9.5,69.0,7.32,42.1,20.4,168.8,65765.13,129271.32,63506.19,2024-06-20,A
464,Coton,Normandie,97.94,2.13,31.7,314.9,66.4,6.46,52.4,31.0,130.2,93872.89,65110.33,-28762.56,2025-06-10,C
465,Blé,Champagne,43.23,6.2,14.7,443.4,47.6,6.4,41.8,23.6,253.2,67896.91,67384.99,-511.92,2025-01-15,A
466,Orge,Picardie,24.75,6.28,13.0,373.4,60.7,5.9,39.6,29.0,120.3,39924.0,59093.06,19169.06,2025-04-12,B
467,Riz,Champagne,9.73,9.11,11.5,791.1,69.4,6.52,55.5,15.1,152.6,12975.02,38534.51,25559.49,2024-08-24,C
468,Tournesol,Normandie,9.01,2.41,12.4,287.4,61.0,5.14,72.8,22.9,173.1,11678.38,7106.75,-4571.63,2024-10-27,B
469,Blé,Bourgogne,74.51,3.63,25.9,106.7,77.5,7.18,25.9,15.1,162.2,97955.45,56459.76,-41495.69,2025-06-10,B
470,Colza,Beauce,69.97,2.23,19.3,219.6,52.4,5.79,38.6,16.6,212.9,91087.54,60775.2,-30312.33,2025-04-12,B
471,Maïs,Bretagne,81.97,3.45,16.1,1489.7,61.6,6.02,19.9,24.1,181.4,70629.98,63390.02,-7239.96,2025-02-09,A
472,Riz,Normandie,52.09,13.24,21.7,143.5,52.7,6.8,52.1,-1.4,196.2,59004.83,137409.29,78404.46,2025-03-14,B
473,Orge,Champagne,63.54,5.55,8.4,465.8,66.9,6.17,56.3,23.4,173.5,92338.32,77668.54,-14669.77,2024-12-13,B
474,Blé,Champagne,7.19,5.89,18.6,148.2,79.9,7.48,40.0,10.6,157.3,12198.71,10037.72,-2160.99,2024-08-31,A
475,Soja,Bourgogne,84.19,3.52,20.6,239.6,66.9,6.96,51.8,19.8,200.4,105965.16,107464.77,1499.61,2024-09-18,C
476,Tournesol,Champagne,87.51,2.73,19.4,1647.4,64.1,6.66,38.1,25.9,185.2,143021.1,96702.06,-46319.04,2025-01-02,C
477,Coton,Normandie,12.7,0.96,30.2,769.3,73.4,6.61,28.1,25.2,177.9,21308.06,4895.08,-16412.98,2025-02-12,B
478,Soja,Picardie,95.5,2.88,25.0,472.9,58.6,5.88,52.1,14.4,224.5,115068.85,87023.34,-28045.51,2025-02-11,A
479,Maïs,Bretagne,32.1,12.48,19.3,158.4,72.3,7.04,47.5,34.4,196.1,27488.33,112039.01,84550.69,2025-01-26,B
480,Colza,Bretagne,16.33,3.23,15.9,175.3,81.3,7.93,76.3,30.7,166.0,16732.26,16594.43,-137.83,2025-03-19,B
481,Soja,Bretagne,94.47,3.0,16.8,831.4,75.1,6.15,66.6,12.4,170.1,129680.87,89446.39,-40234.48,2024-09-21,B
482,Orge,Bourgogne,38.21,7.81,21.4,450.4,46.4,6.7,63.9,27.3,183.2,41751.62,85373.98,43622.35,2025-06-01,C
483,Colza,Normandie,72.02,1.81,24.1,64.1,39.2,6.73,27.0,28.6,189.3,57710.25,27636.18,-30074.07,2024-09-12,B
484,Orge,Bretagne,74.81,5.39,29.7,696.3,52.0,8.19,46.7,26.1,127.6,82634.17,91729.14,9094.97,2024-12-16,B
485,Blé,Bretagne,89.38,8.51,21.4,590.6,67.8,6.65,48.6,12.3,211.8,74996.75,268144.8,193148.05,2025-03-28,B
486,Colza,Beauce,89.52,3.31,27.4,230.5,67.4,7.38,52.2,18.1,267.1,111044.08,125307.67,14263.59,2025-05-04,B
487,Orge,Normandie,76.82,5.33,26.0,727.8,65.9,7.26,47.1,15.5,156.1,98596.0,149445.02,50849.01,2024-12-16,A
488,Coton,Beauce,8.64,2.39,21.9,669.2,74.8,7.15,59.3,34.7,268.1,12287.63,8042.44,-4245.2,2025-03-23,B
489,Coton,Normandie,54.66,1.36,18.2,579.1,79.1,6.08,30.6,31.0,180.9,94533.77,16847.53,-77686.24,2024-10-27,B
490,Colza,Beauce,61.33,2.03,14.5,39.3,74.1,7.16,28.1,16.3,166.3,106474.69,45280.74,-61193.95,2025-02-17,C
491,Colza,Champagne,37.32,2.52,25.4,42.1,52.9,6.55,37.6,32.8,205.8,30448.1,19236.12,-11211.97,2025-03-27,B
492,Soja,Picardie,93.7,3.0,18.7,237.2,68.2,6.47,56.2,25.7,173.5,125780.94,90762.0,-35018.94,2024-07-23,C
493,Blé,Bretagne,69.05,6.58,25.0,331.9,60.8,7.92,46.9,15.6,191.1,123579.12,128057.12,4478.0,2024-09-04,A
494,Orge,Bretagne,62.25,6.55,18.0,1017.5,63.1,5.65,85.6,31.5,189.8,84632.29,74995.48,-9636.81,2024-12-18,A
495,Tournesol,Beauce,52.87,1.03,25.7,392.0,80.3,5.85,23.2,27.4,158.1,59448.41,14725.81,-44722.61,2024-11-22,B
496,Tournesol,Picardie,25.84,0.92,25.0,910.4,31.0,7.43,12.9,23.8,233.1,31748.85,8470.31,-23278.54,2024-08-08,A
497,Soja,Picardie,35.24,2.56,22.6,82.6,75.2,7.17,35.4,40.8,158.7,57954.4,22101.64,-35852.76,2024-10-24,A
498,Soja,Bretagne,44.13,1.96,10.1,225.9,66.1,5.25,47.2,32.0,130.0,67405.91,26055.95,-41349.97,2024-06-27,C
499,Riz,Bourgogne,67.88,6.87,7.8,207.8,50.7,6.66,41.5,25.3,158.5,82210.91,113741.55,31530.64,2025-05-30,A
500,Maïs,Bourgogne,52.09,10.78,27.4,381.3,64.7,7.52,61.2,16.4,153.0,63604.57,163284.18,99679.61,2024-07-14,B
